id,"productnaam","productomschrijving","merk","img","link","oudeprijs","nieuweprijs","kleur","specialeactie",exclusief,uitverkocht,groeneprijs,2plus1,dames,heren,junior,fashion,outdoor,uitrusting,camping,badmode,fietsen,"categorie",volgorde,actie
1,"Or Crew","Neck T-shirt Heren","Jack & Jones","J&J_OR-CREW-NECK_4312C52207_1010.jpg","/jack-jones-t-shirt-original-crew-4312c52207","","17,95","#CCCCCC #4A6786","Slechts",NULL,NULL,NULL,NULL,NULL,1,NULL,1,NULL,NULL,NULL,NULL,NULL,"camping",1,NULL
2,"Camo","Herenshort","Jack & Jones","J&J_CAMO_4365C52002_5507.jpg","/jack-jones-short-camo-4365c52002","","39,95","camo1.jpg camo2.jpg","Slechts",NULL,NULL,NULL,NULL,NULL,4,NULL,4,NULL,NULL,NULL,NULL,NULL,"camping",4,NULL
3,"Binno","Playsuit dames","Ichi","ICHI_BINNO-JUMPSUIT_4185C52005_4106.jpg","","59,95","39","binno1.jpg binno2.jpg","",1,NULL,1,NULL,7,NULL,NULL,7,NULL,NULL,NULL,NULL,NULL,"camping",7,NULL
4,"Berot","Damesshort","Only","ONLY_BEROT_4181C52025_1149.jpg","/only-short-berot-4181c52025","","16,95","berot1.jpg berot2.jpg berot3.jpg","2 voor &euro;25",1,NULL,NULL,NULL,10,NULL,NULL,10,NULL,NULL,NULL,NULL,NULL,"camping",10,NULL
5,"Selfiestick","Kit","Azuri","4T7A0113.jpg","","24,95","19","","",NULL,NULL,NULL,NULL,NULL,NULL,NULL,NULL,NULL,13,NULL,NULL,NULL,"camping",13,NULL
6,"Universal 180&deg;","Fish Eye lens","Black Eye","BLACK-EYE_UNIVERSAL-FISH-EYE_2g52c50007_0101_01_be_Ver1.jpg","/black-eye-e-gadget-the-original-180-fisheye-lens-2h61c52007","","29,95","","",NULL,NULL,NULL,NULL,NULL,NULL,NULL,NULL,NULL,16,NULL,NULL,NULL,"camping",16,NULL
7,"Clipper","Wide angle lens","Black Eye","BLACK-EYE_CLIPPER-WIDE-ANGLE_2g52c50008_0101_02_be_Ver1-copy.jpg","/black-eye-e-gadget-clipper-wide-angle-2h61c52008","","44,95","","",NULL,NULL,NULL,NULL,NULL,NULL,NULL,NULL,NULL,19,NULL,NULL,NULL,"camping",19,NULL
8,"Darwin 3","en Maxi Comfort Luchtmatras","Coleman","COLEMAN_DARWIN_3PLUS_MATRAS.jpg","/index.cfm/fuseaction/products.search/?searchvalue=coleman+aanbod","159,9","99","","Setprijs",NULL,NULL,NULL,NULL,NULL,NULL,NULL,NULL,NULL,22,22,NULL,NULL,"camping",22,NULL
9,"Moji","Campinglamp","Black Diamond","BLACK-DIAMOND_MOJI_2541c50002_4040_01.jpg_be-copy.jpg","/black-diamond-lantaarn-moji-light-2931c52002","","19,95","#E6E546 #1A74B4","Gebruik je ecocheques",NULL,NULL,NULL,NULL,NULL,NULL,NULL,NULL,NULL,25,25,NULL,NULL,"camping",25,NULL
10,"Hero 4 Silver","Camera","GoPro","GOPRO_4.jpg","/gopro-video-hero-4-silver-2E21D42002","","429","","Gratis bundle t.w.v. &euro;59,95",NULL,NULL,NULL,NULL,NULL,NULL,NULL,NULL,NULL,100,NULL,NULL,28,"camping",28,NULL
11,"Moore","Shirt Heren","Eider","EIDER_MOORE_3315C52049_6161.jpg","","64,95","39","#BAB2AF moore.jpg","",NULL,NULL,1,NULL,NULL,56,NULL,NULL,56,NULL,NULL,NULL,NULL,"travel",56,NULL
12,"Refractor","Duffle Pack","The North Face","THE-NORTH-FACE_REFRACTOR-DUFFEL-PACK_2146c50001_7070_01_be-copy.jpg","/the-north-face-trolley-refractor-duffle-pack-2261c52001","164,95","99","#323036","",NULL,NULL,NULL,NULL,NULL,NULL,NULL,NULL,NULL,34,NULL,NULL,NULL,"travel",34,NULL
13,"Flyweight pack","Dagrugzak 17l","The North Face","THE-NORTH-FACE_FLYWEIGHT-PACK_2111c10013_7071_53.jpg","/the-north-face-dagrugzak-flyweight-2111C10013","44,95","29","#302F33","",NULL,NULL,NULL,NULL,NULL,NULL,NULL,NULL,NULL,37,NULL,NULL,NULL,"travel",37,NULL
14,"No matter what","Flatbed 20 Trolley","Eagle Creek","EAGLE-CREEK_FLATBED20_2261D42006_7070.jpg","/eagle-creek-trolley-no-matter-what-flatbed-20-2261d42006","135","85","#302E34 #B83249 #165FAF","",NULL,NULL,NULL,NULL,NULL,NULL,NULL,NULL,NULL,1,NULL,NULL,NULL,"travel",40,NULL
15,"No matter what","Flatbed 28 Trolley","Eagle Creek","EAGLE-CREEK_FLATBED28_2231D42027_3232.jpg","/eagle-creek-trolley-no-matter-what-flatbed-28-2231d42027","165","105","#302E34 #B83249 #165FAF","",NULL,NULL,NULL,NULL,NULL,NULL,NULL,NULL,NULL,2,NULL,NULL,NULL,"travel",43,NULL
16,"No matter what","Flatbed 32 Trolley","Eagle Creek","EAGLE-CREEK_FLATBED32_2231D42028_4242.jpg","/eagle-creek-trolley-no-matter-what-flatbed-32-2231d42028?id_colour=4168","185","115","#302E34 #B83249 #165FAF","",NULL,NULL,NULL,NULL,NULL,NULL,NULL,NULL,NULL,3,NULL,NULL,NULL,"travel",46,NULL
17,"No matter what","Flatbed 20/28/32","Eagle Creek","EAGLE_CREEK_SET_TROLLEYS.jpg","/index.cfm/fuseaction/products.search/?searchvalue=No+matter+what","485","229","#302E34 #B83249 #165FAF","Setprijs",NULL,NULL,NULL,NULL,NULL,NULL,NULL,NULL,NULL,4,NULL,NULL,NULL,"travel",49,NULL
18,"Kodiak","Mini oplader","Outdoor Tech","OUTDOOR-TECH_KODIAK-OPLADER_2G32C52001_Vertical.jpg","/outdoor-tech-oplader-kodiak-mini-2g32c52001","24,95","15","","",NULL,NULL,NULL,NULL,NULL,NULL,NULL,NULL,NULL,52,52,NULL,NULL,"travel",52,NULL
19,"Totally Royal","Bag","Pieces","2125c50003_6565_01.jpg","/pieces-shopper-totally-royal-leather-travel-bag-2315c52003","134,95","85","","",NULL,NULL,1,NULL,53,NULL,NULL,53,NULL,NULL,NULL,NULL,NULL,"travel",53,NULL
20,"Ginger fiji","Jurk","King Louie","KING-LOUIE_GINGER-DRESS_4163C52076_4904.jpg","","79,95","55","king1.jpg king2.jpg","",1,NULL,1,NULL,55,NULL,NULL,55,NULL,NULL,NULL,124,NULL,"travel",55,NULL
21,"Esther","Damesshort","Terre Bleue","4T7A0172.jpg","","79","55","#959286 #E5C9C9","",1,NULL,1,NULL,58,NULL,NULL,58,NULL,NULL,NULL,58,NULL,"travel",58,NULL
22,"Blouse","","Yaya","YAYA_BLOUSE_4132C52068_5353.jpg","","39,95","25","yaya1.jpg yaya2.jpg","",1,NULL,1,NULL,61,NULL,NULL,61,NULL,NULL,NULL,NULL,NULL,"travel",61,NULL
23,"Smartphone Projector","","Luckies","LUCKIES_SMARTPHONE-PROJECTOR_2g31c50012_7015_02_be.jpg","/luckies-gadget-smartphone-projector-2h41c52060","","19,95","","",NULL,NULL,NULL,NULL,NULL,NULL,NULL,NULL,NULL,64,NULL,NULL,NULL,"travel",64,NULL
24,"Lazy Afternoon","Hangmat","Amazonas","Amazonas_Lazy-Afternoon_1311C30001_3040_01.jpg","/amazonas-hangmat-lazy-afternoon-1311c30001","29,95","19","hang1.jpg hang2.jpg hang3.jpg hang4.jpg","",NULL,NULL,NULL,NULL,NULL,NULL,NULL,NULL,NULL,67,67,67,NULL,"camping",67,NULL
25,"Woodstock","Slaapzak","Ayacucho","AYACUCHO_WOODSTOCK_1322c40002_0303_01-copy.jpg","/ayacucho-slaapzak-woodstock-1322c40002","","29,95","wood1.jpg wood2.jpg","",NULL,NULL,NULL,NULL,NULL,NULL,NULL,NULL,NULL,70,70,NULL,NULL,"camping",70,NULL
26,"Junior Vario","Slaapzak kids","Ayacucho","AYACUCHO_JUNIOR-VARIO_1321c20001_4040_02.jpg","/ayacucho-slaapzak-junior-vario-1321c20001","","49,95","","",NULL,NULL,NULL,NULL,NULL,NULL,73,NULL,NULL,73,73,NULL,NULL,"camping",73,NULL
27,"Fox 30","Trekkingrugzak junior","Deuter","fox-30.jpg","/deuter-rugzak-fox-30-1213c30001","","94,95","#E2302F","Gratis Camlebak Eddy 0,4l t.w.v. &euro;15,95",NULL,NULL,NULL,NULL,NULL,NULL,76,NULL,NULL,76,NULL,NULL,NULL,"camping",76,NULL
28,"Travelset","Minispray 8ml","Care Plus","CARE-PLUS_TRAVELSET_262zc30001_0101_02.jpg","/care-plus-diverse-travelset-minispray-4x8ml-2a23c32001","","9,95","","",NULL,NULL,NULL,NULL,NULL,NULL,NULL,NULL,NULL,79,79,79,NULL,"camping",79,NULL
29,"Led Day Light","Zaklamp","Varta","VARTA_ZAKLAMP_2921C32017_0101_02.jpg","/varta-zaklamp-led-day-light-2921c32017","9,95","6","","Gebruik je ecocheques",NULL,NULL,NULL,NULL,NULL,NULL,NULL,NULL,NULL,82,82,NULL,NULL,"camping",82,NULL
30,"Darwin 2","Tent","Coleman","COLEMAN_DARWIN-2_1121c50013_5050_01_be.jpg","/coleman-tent-darwin-2-1121c50013","74,95","49","","",NULL,NULL,NULL,NULL,NULL,NULL,NULL,NULL,NULL,85,20,NULL,NULL,"camping",85,NULL
31,"SEO 3","Hoofdlamp","Led Lenser","LED-LENSER_SEO3_2511C30006.jpg","/led-lenser-hoofdlamp-seo-3-2911c32005","39,95","25","","",NULL,NULL,NULL,NULL,NULL,NULL,NULL,NULL,NULL,88,88,NULL,NULL,"camping",88,NULL
32,"Flowers","Zwemshort jongens","Rumbl","4T7A0200.jpg","/rumbl-zwemshort-flowers-8422c52033","34,95","25","","",NULL,NULL,1,NULL,NULL,NULL,91,NULL,NULL,NULL,NULL,91,NULL,"beach",91,NULL
33,"Palm tree","Zwemshort jongens","Rumbl","4T7A0198.jpg","/rumbl-zwemshort-palm-tree-8422c52034","34,95","25","","",NULL,NULL,1,NULL,NULL,NULL,94,NULL,NULL,NULL,NULL,94,NULL,"beach",94,NULL
34,"Happy Hippie","Bikini meisjes","Lingadore","4T7A0204.jpg","/lingadore-bikini-happy-hippie-8331c52055","24,95","19","","",NULL,NULL,1,NULL,NULL,NULL,97,NULL,NULL,NULL,NULL,97,NULL,"beach",97,NULL
35,"Flamingo","UV-shirt meisjes","Molo kids","4T7A0187.jpg","","27,95","19","","",NULL,NULL,1,NULL,NULL,NULL,99,NULL,NULL,NULL,NULL,100,NULL,"beach",100,NULL
36,"Shark","UV-shirt jongens","Molo kids","4T7A0186.jpg","/molo-kids-lycra-shark-8441c52002","27,95","19","","",NULL,NULL,1,NULL,NULL,NULL,103,NULL,NULL,NULL,NULL,103,NULL,"beach",103,NULL
37,"Vigga","Jumpsuit meisjes","Name it","4T7A0189.jpg","/name-it-jumpsuit-vigga-5284c52010","","10,95","js1.jpg js2.jpg js3.jpg js4.jpg","",NULL,NULL,NULL,NULL,NULL,NULL,106,106,NULL,NULL,NULL,106,NULL,"beach",106,NULL
38,"Snorkelset","Junior","Speedo","Speedo_snorkelset.jpg","/speedo-lifestyle-speelgoed-glide-junior-snorkel-set-2i21c42001","21","15","","",NULL,NULL,NULL,NULL,NULL,NULL,112,NULL,NULL,NULL,NULL,112,NULL,"beach",109,NULL
39,"Strandspeelgoed","Assortiment","Quut","Quut_speelgoed.jpg","/quut","","7,5","","Vanaf",NULL,NULL,NULL,NULL,NULL,NULL,115,NULL,NULL,NULL,NULL,115,NULL,"beach",112,NULL
40,"Niveajulbo","Gratis Nivea bij aankoop van Julbo zonnebril","","niveajulbo.jpg","/index.cfm/fuseaction/products.search/?searchvalue=julbo&flt_type_gender=junior&filters=type_gender|LIST","","","","",NULL,NULL,NULL,NULL,NULL,NULL,98,NULL,NULL,NULL,NULL,99,NULL,"beach",107,1
41,"Assortiment slippers","Voor kids en teens vanaf €16","","assortiment_teenslippers_NL.jpg","/junior/badmode/sandalen-teenslippers","","","","",NULL,NULL,NULL,NULL,NULL,NULL,118,NULL,NULL,NULL,NULL,122,NULL,"beach",122,1
42,"Cozumel","Hoed","Barts","BARTS_COZUMEL_8634C52008_6464.jpg","","34,99","25","","",NULL,NULL,1,NULL,121,121,NULL,121,121,NULL,NULL,121,NULL,"beach",121,NULL
43,"Ivy Jade","Bikini","Beachlife","ivy-jade-bikini.jpg","","74,9","49","","",NULL,NULL,1,NULL,124,NULL,NULL,NULL,NULL,NULL,NULL,1,NULL,"beach",124,NULL
44,"Kachon Tee","T-shirt Heren","J&J Tech","J&J-TECH_KACHON-TEE_8231C52015_7373.jpg","/jack-jones-tech-t-shirt-kachon-8231c52015","19,95","14","#C6CCCA #408DD6 #575E6E","",NULL,NULL,1,NULL,NULL,127,NULL,127,NULL,NULL,NULL,127,NULL,"beach",127,NULL
45,"Happie Hippie","Halterneck Bikini","Lingadore","4T7A0170.jpg","/lingadore-bikini-happie-hippie-8131c52020","69,95","49","","",NULL,NULL,1,NULL,130,NULL,NULL,NULL,NULL,NULL,NULL,130,NULL,"beach",130,NULL
46,"Mahalo","Halterneck strandjurk","Lingadore","4T7A0168.jpg","/lingadore-jurk-mahalo-8154c52003","","39,95","#F24A95 #282325","Slechts",NULL,NULL,NULL,NULL,133,NULL,NULL,NULL,NULL,NULL,NULL,133,NULL,"beach",133,NULL
47,"Boltana","Strandjurk","Protest","4T7A0164.jpg","","49,95","35","","",NULL,NULL,1,NULL,136,NULL,NULL,136,NULL,NULL,NULL,136,NULL,"beach",136,NULL
48,"Yolt","Zwemshort Heren","Protest","PROTEST_YOLT_8222C52003_4110.jpg","","49,95","35","","",NULL,NULL,1,NULL,NULL,139,NULL,NULL,NULL,NULL,NULL,139,NULL,"beach",139,NULL
49,"Assortiment teenslippers","50% op je tweede paar","","reef.jpg","/index.cfm/fuseaction/products.search/?searchvalue=reef","","","","",NULL,NULL,NULL,NULL,142,167,NULL,130,NULL,NULL,NULL,129,NULL,"beach",142,1
50,"Assortiment zonnebescherming","50% op je tweede product","","assortiment_zonnebescherming.jpg","/index.cfm/fuseaction/products.search/?searchvalue=nivea&flt_verzorging_onderhoud=zonnebescherming&filters=verzorging_onderhoud|LIST","","","","",NULL,NULL,NULL,NULL,NULL,NULL,NULL,NULL,250,NULL,NULL,131,NULL,"beach",134,1
51,"Skomer","T-shirt Dames","Vaude","VAUDE_SKOMER_3112C50002_5353.jpg","","","36,95","","",NULL,NULL,NULL,1,148,NULL,NULL,NULL,148,NULL,NULL,NULL,NULL,"2plus1",148,NULL
52,"Masai Mara","T-shirt Dames","Ayacucho","AYACUCHO_MASAI-MARA_-3112C50044_3232.jpg","/ayacucho-t-shirt-masai-mara-dames-3112c40021","","34,95","","",NULL,NULL,NULL,1,151,NULL,NULL,NULL,NULL,NULL,NULL,NULL,NULL,"2plus1",151,NULL
53,"Zambezi","T-shirt Dames","Ayacucho","AYACUCHO_ZAMBEZI_3114C50024_0450.jpg","/ayacucho-top-zambesi-dames-3114c40006","","29,95","#1CB3A0 zamb1.jpg zamb2.jpg","",NULL,NULL,NULL,1,154,NULL,NULL,NULL,NULL,NULL,NULL,NULL,NULL,"2plus1",154,NULL
54,"Elena","T-shirt Dames","Ayacucho","AYACUCHO_ELENA_-3112C32001_4030.jpg","/ayacucho-t-shirt-elena-3112c32001","","24,95","#DC6A8B polo2.jpg polo3.jpg","",NULL,NULL,NULL,1,157,NULL,NULL,NULL,NULL,NULL,NULL,NULL,NULL,"2plus1",157,NULL
55,"Simona","T-shirt Dames","Ayacucho","AYACUCHO_SIMONA_-3114C30012_3535.jpg","/ayacucho-top-simona-3114c30012","","29,95","#DC6A8B polo2.jpg polo3.jpg","",NULL,NULL,NULL,1,160,NULL,NULL,NULL,NULL,NULL,NULL,NULL,NULL,"2plus1",160,NULL
56,"Betty Polo","Polo Dames","Ayacucho","AYACUCHO_BETTY-POLO_3119C42002_7272.jpg","/ayacucho-polo-betty-3119c42002","","29,95","polo1.jpg polo2.jpg polo3.jpg","",NULL,NULL,NULL,1,163,NULL,NULL,NULL,NULL,NULL,NULL,NULL,NULL,"2plus1",163,NULL
57,"City","T-shirt Heren","Sprayway","SPRAYWAY_CITY_3312C50053_2020.jpg","","","44,95","","",NULL,NULL,NULL,1,NULL,166,NULL,NULL,NULL,NULL,NULL,NULL,NULL,"2plus1",166,NULL
58,"Ridge","T-shirt Heren","Sprayway","SPRAYWAY_RIDGE_3312C40002_4040.jpg","/sprayway-t-shirt-ridge-3313c50001","","44,95","","",NULL,NULL,NULL,1,NULL,169,NULL,NULL,NULL,NULL,NULL,NULL,NULL,"2plus1",169,NULL
59,"Zero Rules","T-shirt Heren","Columbia","COLUMBIA_ZERO-RULES_3312C40087_7272.jpg","/columbia-t-shirt-zero-rules-3312c40087","","34,95","#524F56 #0F61A4","",NULL,NULL,NULL,1,NULL,172,NULL,NULL,NULL,NULL,NULL,NULL,NULL,"2plus1",172,NULL
60,"Mountain Tech III","T-shirt Heren","Columbia","COLUMBIA_MOUNTAIN-TECH_3312C30044_4444.jpg","/columbia-t-shirt-mountain-tech-iii-3312c30044","","30","#425374 #6F9CBD","",NULL,NULL,NULL,1,NULL,175,NULL,NULL,NULL,NULL,NULL,NULL,NULL,"2plus1",175,NULL
61,"Dome","T-shirt Heren","The North Face","THE-NORTH-FACE_DOME-BIKER_3312C40005_4040.jpg","","","29,95","","",NULL,NULL,NULL,1,NULL,178,NULL,NULL,NULL,NULL,NULL,NULL,NULL,"2plus1",178,NULL
62,"Company Car","T-shirt Heren","The North Face","THE-NORTH-FACE_COMPANY-CAR_3312C40018_7373.jpg","/the-north-face-t-shirt-company-car-3312c40018","","29,95","","",NULL,NULL,NULL,1,NULL,181,NULL,NULL,NULL,NULL,NULL,NULL,NULL,"2plus1",181,NULL
63,"Mountaineering","T-shirt Heren","The North Face","THE-NORTH-FACE_MOUNTAINEERING_3312C50037_5656.jpg","","","29,95","","",NULL,NULL,NULL,1,NULL,184,NULL,NULL,NULL,NULL,NULL,NULL,NULL,"2plus1",184,NULL
64,"Tumi SS","T-shirt Heren","Ayacucho","AYACUCHO_TUMI_3312C50063_5555.jpg","/ayacucho-t-shirt-tumi-3312c50063","","34,95","","",NULL,NULL,NULL,1,NULL,187,NULL,NULL,NULL,NULL,NULL,NULL,NULL,"2plus1",187,NULL
65,"Beat The Mountain","T-shirt Heren","Ayacucho","AYACUCHO_BEATTHEMOUNTAIN_3312C50064_5555.jpg","/ayacucho-t-shirt-beat-the-mountain-3312c50064","","34,95","#7B8755 #565D6C #A8403D","",NULL,NULL,NULL,1,NULL,190,NULL,NULL,NULL,NULL,NULL,NULL,NULL,"2plus1",190,NULL
66,"Rhino SS","T-shirt Heren","Ayacucho","AYACUCHO_RHINO_3312C50069_3131.jpg","/ayacucho-t-shirt-rhino-3312c40034","","34,95","","",NULL,NULL,NULL,1,NULL,193,NULL,NULL,NULL,NULL,NULL,NULL,NULL,"2plus1",193,NULL
67,"Hummingbird QD","T-shirt Heren","Ayacucho","AYACUCHO_HUMMINGBIRD_3312C30023_3232.jpg","/ayacucho-t-shirt-hummingbird-3312c30023","","29,95","","",NULL,NULL,NULL,1,NULL,196,NULL,NULL,NULL,NULL,NULL,NULL,NULL,"2plus1",196,NULL
68,"Fish QD","T-shirt Heren","Ayacucho","AYACUCHO_FISH_3312C40036_5353.jpg","/ayacucho-t-shirt-fish-3312c40036","","29,95","","",NULL,NULL,NULL,1,NULL,199,NULL,NULL,NULL,NULL,NULL,NULL,NULL,"2plus1",199,NULL
69,"Dots QD","T-shirt Heren","Ayacucho","AYACUCHO_DOTS_3312C40035_4242.jpg","/ayacucho-t-shirt-dots-3312c40035","","29,95","","",NULL,NULL,NULL,1,NULL,202,NULL,NULL,NULL,NULL,NULL,NULL,NULL,"2plus1",202,NULL
70,"Owl QD","T-shirt Heren","Ayacucho","AYACUCHO_OWL_3312C50065_3232.jpg","/ayacucho-t-shirt-owl-3312c50065","","29,95","#D84845 #6F7C4D","",NULL,NULL,NULL,1,NULL,205,NULL,NULL,NULL,NULL,NULL,NULL,NULL,"2plus1",205,NULL
71,"Mud Racer QD","T-shirt Heren","Ayacucho","AYACUCHO_MUD-RACER_3312C50066_7272.jpg","/ayacucho-t-shirt-mud-racer-3312C50066","","29,95","#7C8759 #4D4E58","",NULL,NULL,NULL,1,NULL,208,NULL,NULL,NULL,NULL,NULL,NULL,NULL,"2plus1",208,NULL
72,"Benny","Polo Heren","Ayacucho","AYACUCHO_BENNY-POLO_3318C42011_5555.jpg","/ayacucho-polo-benny-3318c42011","","29,95","","",NULL,NULL,NULL,1,NULL,211,NULL,NULL,NULL,NULL,NULL,NULL,NULL,"2plus1",211,NULL
73,"Bikerace","T-shirt Heren","UAX","UAX_BIKERACE_3312A90032_5757.jpg","/uax-t-shirt-bikerace-3312a90032","","29,95","","",NULL,NULL,NULL,1,NULL,214,NULL,NULL,NULL,NULL,NULL,NULL,NULL,"2plus1",214,NULL
74,"Recycle","T-shirt Heren","UAX","UAX_RECYCLE_3312C40043_7171.jpg","/uax-t-shirt-recycle-3312c40043","","29,95","","",NULL,NULL,NULL,1,NULL,217,NULL,NULL,NULL,NULL,NULL,NULL,NULL,"2plus1",217,NULL
75,"You Decide","T-shirt Heren","UAX","UAX_YOU-DECIDE_3312C50073_5555.jpg","/uax-t-shirt-you-decide-3312c50073","","29,95","","",NULL,NULL,NULL,1,NULL,220,NULL,NULL,NULL,NULL,NULL,NULL,NULL,"2plus1",220,NULL
76,"Deer","T-shirt Heren","UAX","UAX_DEER-SHIRT_3312C40047_4141.jpg","/uax-t-shirt-deer-3312c40047","","29,95","","",NULL,NULL,NULL,1,NULL,223,NULL,NULL,NULL,NULL,NULL,NULL,NULL,"2plus1",223,NULL
77,"Scubahuba","T-shirt Heren","UAX","UAX_SCUBAHUBA_3312C00023_4040.jpg","/uax-t-shirt-scubahuba-3312c00023","","29,95","","",NULL,NULL,NULL,1,NULL,226,NULL,NULL,NULL,NULL,NULL,NULL,NULL,"2plus1",226,NULL
78,"Ecologica","T-shirt Heren","UAX","UAX_ECOLOGICA_3312C50074_7575.jpg","/uax-t-shirt-ecologica-3312c50074","","29,95","","",NULL,NULL,NULL,1,NULL,229,NULL,NULL,NULL,NULL,NULL,NULL,NULL,"2plus1",229,NULL
79,"Re-cycle","T-shirt Heren","UAX","UAX_RE-CYCLE_3312C50075_3131.jpg","/uax-t-shirt-re-cycle-3312c50075","","29,95","","",NULL,NULL,NULL,1,NULL,232,NULL,NULL,NULL,NULL,NULL,NULL,NULL,"2plus1",232,NULL
80,"Fast Bike","T-shirt Heren","UAX","UAX_FAST-BIKE_3318C52008_7171.jpg","/uax-polo-fast-bike-3318c52008","","29,95","","",NULL,NULL,NULL,1,NULL,235,NULL,NULL,NULL,NULL,NULL,NULL,NULL,"2plus1",235,NULL
81,"Margot","Jurk","Patagonia","PATAGONIA_MARGOT_3136C32002_9003.jpg","/patagonia-jurk-margot-3136c32002?id_colour=283","54,95","39","","",NULL,NULL,1,NULL,238,NULL,NULL,238,238,NULL,NULL,238,NULL,"travel",238,NULL
82,"Wahia","Jurk","Jack Wolfskin","JACK-WOLFSKIN_WAHIA_3136C52021_5252.jpg","","65,95","45","","",NULL,NULL,1,NULL,244,NULL,NULL,241,241,NULL,NULL,246,NULL,"travel",244,NULL
83,"Sookie","Jurk","Royal Robbins","ROYAL-ROBBINS_SOOKIE_3193c50013_4141_01_be.jpg","/royal-robbins-jurk-sookie-3136c52003","59,95","39","","",NULL,NULL,1,NULL,241,NULL,NULL,244,244,NULL,NULL,244,NULL,"travel",240,NULL
84,"Flora","Jurk","Ayacucho","AYACUCHO_FLORA_3136C52012_0412.jpg","/ayacucho-jurk-flora-3136c52012","","49,95","flora1.jpg flora2.jpg","",NULL,NULL,NULL,NULL,247,NULL,NULL,247,251,NULL,NULL,247,NULL,"travel",247,NULL
85,"Teva","Assortiment Teva originals","","teva.jpg","/teva","","","","",NULL,NULL,NULL,NULL,242,NULL,NULL,242,NULL,NULL,NULL,245,NULL,"travel",242,1
87,"Prime","Zonnebril","Sinner","SINNER_PRIME_2212a80013_1571_01.jpg","/sinner-bril-prime-2412a82003?id_colour=704","34,95","25","","",NULL,NULL,NULL,NULL,256,256,NULL,256,256,NULL,NULL,256,NULL,"travel",256,NULL
88,"Rotorua","Damesshort","Jack Wolfskin","JACK-WOLFSKIN_ROTORUA-SHORT_3133C12003_4747.jpg","","55","39","","",NULL,NULL,1,NULL,259,NULL,NULL,NULL,259,NULL,NULL,NULL,NULL,"trekking",259,NULL
89,"Rotorua","Herenshort","Jack Wolfskin","JACK-WOLFSKIN_ROTORUA_3372c10008_7272_01_Ver1.jpg","/jack-wolfskin-short-rotorua-3332c12004?id_colour=4324","55","39","","",NULL,NULL,1,NULL,NULL,262,NULL,NULL,262,NULL,NULL,NULL,NULL,"trekking",262,NULL
90,"Bridgeton Low WP","Herenschoen","Timberland","TIMBERLAND_BRIDGETON-LOW-WP_3d12c50016_6060_01_be.jpg","/timberland-schoen-bridgeton-low-waterproof-3722c52015","109,95","79","","",NULL,NULL,1,NULL,NULL,265,NULL,NULL,265,NULL,NULL,NULL,NULL,"trekking",265,NULL
91,"Corliss Gore-Tex&copy;","Damesschoen","Timberland","TIMBERLAND-CORLISS-GORETEX_3b12c50015_6040_01_be.jpg","timberland-schoen-corliss-gore-tex-3712c52013","119,95","79","","",NULL,NULL,1,NULL,268,NULL,NULL,NULL,268,NULL,NULL,NULL,NULL,"trekking",268,NULL
92,"Caucasus","Slaapzak","Millet","MILLET_CAUCASUS_1325C40002.jpg","/millet-slaapzak-caucasus-regular-1325c40002?id_colour=4284","124,95","85","","",NULL,NULL,NULL,NULL,NULL,NULL,NULL,NULL,NULL,NULL,NULL,NULL,NULL,"trekking",271,NULL
93,"Caucasus long","Slaapzak","Millet","Caucasus_long.jpg","/millet-slaapzak-caucasus-long-1325c40003?id_colour=4284","129,95","89","","",NULL,NULL,NULL,NULL,NULL,NULL,NULL,NULL,NULL,274,274,NULL,NULL,"trekking",274,NULL
94,"Futura 22","Dagrugzak","Deuter","DEUTER_FUTURA-22_1212c50015_5071_01_be.jpg","/deuter-dagrugzak-futura-22-1212c50015","99,95","69","","",NULL,NULL,NULL,NULL,NULL,NULL,NULL,NULL,NULL,277,NULL,NULL,NULL,"trekking",277,NULL
95,"Gel 3-pack","Voeding","Overstims","OVERSTIMS_VOEDING_2913c40009_0101_01.jpg","/overstim-s-gels-sportvoeding-3-pack-2d13c42009","6,9","5","","",NULL,NULL,NULL,NULL,NULL,NULL,NULL,NULL,NULL,NULL,NULL,NULL,NULL,"trekking",280,NULL
96,"Tek Towel","Wash Kit","Sea to Summit","SEA-TO-SUMMIT_TECH-TOWEL-WASH_261zc50001_5252_01_be.jpg","/sea-to-summit-diverse-tek-towel-wash-kit-large-2a1bc52001","34,95","25","","",NULL,NULL,NULL,NULL,NULL,NULL,NULL,NULL,NULL,283,283,NULL,NULL,"trekking",283,NULL
97,"Compact 8x25","Verrekijker","Kite Optics","KITE-OPTICS_COMPACT-8X25_2713d30044_0070_01.jpg","/kite-optics-verrekijker-compact-8x25-2b13d32044","173","119","","",NULL,NULL,NULL,NULL,NULL,NULL,NULL,NULL,NULL,286,NULL,NULL,NULL,"trekking",286,NULL
98,"Poco Plus","Babydrager","Osprey","OSPREY_POCO-PLUS_1251c20002_7272_01.jpg","/suunto-hoogtemeter-ambit-2s-grapphite-2545c32008?id_colour=4123","","199","","Slechts",NULL,NULL,NULL,NULL,NULL,NULL,289,NULL,NULL,289,NULL,NULL,NULL,"trekking",289,NULL
99,"2+1","Outdoor t-shirts: 2 kopen, 1 gratis","","2plus1.jpg","/content/nl/zomerfolder2015-2plus1","","","","",NULL,NULL,NULL,1,NULL,250,NULL,NULL,80,NULL,NULL,NULL,NULL,"trekking",292,1
100,"Ambit 2S Graphite","Hoogtemeter","Suunto","SUUNTO_AMBIT-25-GRAPHIT_2421c30008_7015_02.jpg","/suunto-hoogtemeter-ambit-2s-grapphite-2545c32008","399","249","","Inclusief hartslagmeter",NULL,NULL,NULL,NULL,NULL,NULL,NULL,NULL,NULL,292,NULL,NULL,NULL,"trekking",295,NULL
101,"Ugrip Chain 585-5","Kabelslot","Abus","ABUS_UGRIP-CHAIN_7272c50008_7070_01_be.jpg","/abus-slot-ugrip-chain-a381c52008","27,95","19","","",NULL,NULL,NULL,NULL,NULL,NULL,NULL,NULL,NULL,295,NULL,NULL,295,"fietsen",298,NULL
102,"Vybe D7","Vouwfiets","Dahon","DAHON_VYBE_7116c30001_1010_02_be.jpg","/dahon-vouwfiets-vybe-d7-a216c32001?id_colour=4168","499","349","","",NULL,NULL,NULL,NULL,NULL,NULL,NULL,NULL,NULL,298,NULL,NULL,298,"fietsen",301,NULL
103,"Cluster 10+3","Rugzak","Vaude","VAUDE_CLUSTER_7511c20015_7070_51.jpg","/vaude-fietsrugzak-cluster-10-3l-a511c52002","59,95","39","","",NULL,NULL,NULL,NULL,NULL,NULL,NULL,NULL,NULL,301,NULL,NULL,301,"fietsen",304,NULL
104,"Activ TC","Helm","Casco","Casco_Activ-TC_Black_left_0802.jpg","/casco-fietshelm-activ-tc-a122c22004?id_colour=4168","","69,95","","",NULL,NULL,NULL,NULL,NULL,NULL,NULL,NULL,NULL,304,NULL,NULL,304,"fietsen",307,NULL
105,"Dinsdag comfort 7V","Stadsfiets","Batavus","BATAVUS_DINSDAG_7113c50060_7070_01_be.jpg","/batavus-citybike-dinsdag-comfort-7v-heren-a213c52060","","799","","",NULL,NULL,NULL,NULL,NULL,NULL,NULL,NULL,NULL,307,NULL,NULL,307,"fietsen",310,NULL
106,"Ichi","Fietstas","Clarijs","CLARIJS_FIETSTAS_A513C52013_5203_01.jpg","/clarijs-covers-fietstas-achter-ichi-krikke-a513c52013","","69,95","","",NULL,NULL,NULL,NULL,NULL,NULL,NULL,NULL,NULL,310,NULL,NULL,310,"fietsen",313,NULL
107,"Vintage","Fietsbel","Liix","LIIX_VINTAGE-FIETSBAL_721ac50008_2424_01_be_Ver1.jpg","/liix-fietsbel-vintage-a391c52008","","6,95","","Slechts",NULL,NULL,NULL,NULL,NULL,NULL,NULL,NULL,NULL,313,NULL,NULL,313,"fietsen",316,NULL
108,"Transport U4 Jeans","Citybike","Cortina","CORTINA_TRANSPORT-U4_7119c50050_4545_01_be.jpg","/cortina-citybike-transport-u4-jeans-dames-a223c52049","","599","","",NULL,NULL,NULL,NULL,NULL,NULL,NULL,NULL,NULL,316,NULL,NULL,316,"fietsen",319,NULL
109,"Ride","T-shirt Dames","Odlo","ODLO_RIDE_7612c50005_3210_01_be.jpg","/odlo-t-shirt-ride-9112c52003","","69,95","","",NULL,NULL,NULL,NULL,319,NULL,NULL,NULL,NULL,NULL,NULL,NULL,319,"fietsen",322,NULL
110,"Aircontact Pro 60+15","Rugzak Heren","Deuter","Aircontact_Pro.jpg","/deuter-rugzak-aircontact-pro-60-15-1232c30014","259,95","179","","Inclusief regenhoes",NULL,NULL,NULL,NULL,NULL,NULL,NULL,NULL,NULL,322,NULL,NULL,NULL,"camping",325,NULL
111,"Aircontact Pro 55+15 SL","Rugzak Dames","Deuter","Aircontact_Pro_55.jpg","/deuter-rugzak-act-pro-55-15sl-dames-1231c30006","249,95","175","","Inclusief regenhoes",NULL,NULL,NULL,NULL,NULL,NULL,NULL,NULL,NULL,325,NULL,NULL,NULL,"camping",328,NULL
112,"Vespucci 4","Tent","Coleman","COLEMAN_VESP_4_PARTY_GRILL.jpg","/coleman-tent-vespucci-4-1142c52001","349,95","249","","Gratis Campingaz Party Grill twv &euro; 54,95",NULL,NULL,NULL,NULL,NULL,NULL,NULL,NULL,NULL,328,17,NULL,NULL,"camping",331,NULL
113,"Vespucci 6","Tent","Coleman","COLEMAN_VESP_6_PARTY_GRILL.jpg","/coleman-tent-vespucci-6-1152c52001","449,95","299","","Gratis Campingaz Party Grill twv &euro; 54,96",NULL,NULL,NULL,NULL,NULL,NULL,NULL,NULL,NULL,331,18,NULL,NULL,"camping",334,NULL
114,"Bandit","Actiecamera","TomTom","TOMTOM_BANDIT_.jpg","/tomtom-video-bandit-2e21c52003","","429","","",1,NULL,NULL,NULL,NULL,NULL,NULL,NULL,NULL,334,NULL,NULL,334,"camping",337,NULL
115,"Duffel","19644","Camel","CAMEL-ACTIVE_DUFFEL_2141c50010_5555_01_be.jpg","/camel-active-bags-reistas-19644-2211c52009","59,95","45","#3F3E43 duffel.jpg","",NULL,NULL,NULL,NULL,NULL,NULL,NULL,337,NULL,337,NULL,NULL,NULL,"camping",340,NULL
116,"Toilettas","19743","Camel","CAMEL-ACTIVE_TOILETTAS_2171c50007_5555_01_be.jpg","/camel-active-bags-toilettas-19743-2351c52007","24,95","19","","",NULL,NULL,NULL,NULL,NULL,NULL,NULL,340,NULL,340,NULL,NULL,NULL,"camping",343,NULL
117,"Picknickdeken","","Lalay","LALAY_PICNIC_1475C52004_3737.jpg","/lalay-diverse-picknick-deken-1475c52004","","19,95","","",NULL,NULL,NULL,NULL,NULL,NULL,NULL,NULL,NULL,343,343,NULL,NULL,"camping",346,NULL
118,"Smoozip +3&deg;C","Slaapzak","Jack Wolfskin","JACK-WOLFSKIN_SMOOZIP_1324c50006_4040_01_be.jpg","/jack-wolfskin-slaapzak-smoozip-3-1324c50006","99,95","69","","",NULL,NULL,NULL,NULL,NULL,NULL,NULL,NULL,NULL,346,346,NULL,NULL,"camping",349,NULL
119,"Groeneprijs","Koop een cadeaucheque t.w.v. €1 en geniet van de voordeelprijs","","groeneprijs.jpg","/content/nl/groene-voordeelprijzen","24,95","15","","",NULL,NULL,NULL,NULL,NULL,60,100,9,246,NULL,NULL,NULL,NULL,"travel",54,1
120,"Groeneprijs","Koop een cadeaucheque t.w.v. €1 en geniet van de voordeelprijs","","groeneprijs.jpg","/content/nl/groene-voordeelprijzen","24,95","15","","",NULL,NULL,NULL,NULL,NULL,NULL,NULL,NULL,NULL,NULL,NULL,56,NULL,"trekking",266,1
121,"Hero 4 Black","Camera","GoPro","GOPRO_4.jpg","/gopro-video-hero-4-black-2e21c52001?id_colour=4168","","529","","Gratis bundle t.w.v. &euro;59,95",NULL,NULL,NULL,NULL,NULL,NULL,NULL,NULL,NULL,130,NULL,NULL,300,"camping",29,NULL
122,"Groeneprijs","Koop een cadeaucheque t.w.v. €1 en geniet van de voordeelprijs","","groeneprijs.jpg","/content/nl/groene-voordeelprijzen","24,95","15","","",NULL,NULL,NULL,NULL,NULL,NULL,NULL,NULL,NULL,NULL,NULL,NULL,NULL,"beach",90,1
